POSTCODE,PC_DISABILITY,PC_UNEMP,PC_LONEPARENT,PC_INDG,PC_YOUNG,PC_OLD,PC_LOWEDU,PC_RENTSTRESS,PC_RENTERS,T_DISABILITY,T_UNEMP,T_LONEPARENT,T_INDG,T_YOUNG,T_OLD,T_LOWEDU,T_RENTSTRESS,T_RENTERS,IMP_INCOME,INC_30PC,T_COMMPH,T_BH_RES,T_BH,T_MH,T_UNAFFORDABLETENANCIES,PC_UNAFFORDABLETENANCIES,PC21,RVI21,RVI16
2406,4.52,2.22,6.86,37.14,16.76,2.79,13.41,15.29,24.59,8,4,12,65,30,5,24,13,181,2052,616,0,0,0,0,0,0,-0.91,0.27,
4000,1.55,4.98,2.07,1.4,21.28,2.33,1.19,33.91,45.49,176,564,234,159,2406,263,135,2048,11323,2108,633,201,224,7,0,149,7.9,-1.8,0.09,0.036
4005,2.59,3.09,2.3,1.28,10.76,6.01,1.59,25.57,46.75,212,253,188,105,878,491,130,1159,8182,2595,779,403,306,15,0,76,10.72,-1.95,0.09,0.062
4006,2.01,3.79,2.03,2.02,18.82,2.09,1.13,29.61,62.97,327,615,329,328,3058,339,183,2871,16236,2101,630,721,168,7,0,120,6.41,-2.11,0.08,0.048
4007,3.26,3.38,3.62,2.01,11.56,7.99,1.79,28.94,39.52,200,208,222,123,708,489,110,978,6141,2231,669,153,70,2,0,68,13,-1.31,0.18,0.099
4008,5.88,0,0,3.66,0,0,3.57,23.53,8.12,5,0,0,3,0,0,3,8,88,2341,702,0,0,0,0,0,0,-2.68,0.05,0.384
4010,2.69,3.79,3.84,1.63,16.81,5.99,1.47,24.54,55.72,51,72,73,31,320,114,28,255,1900,2221,666,67,0,0,0,11,5.85,-1.61,0.13,0.082
4011,3,3.81,4.69,2.84,13.03,6.94,2.57,29.57,32.62,153,194,239,145,659,351,131,733,5093,2103,631,98,210,6,0,38,13.24,-1.1,0.23,0.096
4012,3.84,3.52,4.79,3.09,12.84,6.18,2.95,26.5,39.23,349,320,435,281,1168,562,268,1189,9095,2108,632,557,35,3,0,28,6.25,-1.14,0.22,0.191
4013,4.5,4.44,5.88,5.21,13.88,5.88,4.09,26.48,36.88,81,80,106,94,248,105,74,224,1796,1992,598,193,0,0,0,8,11.76,-0.65,0.32,0.268
4014,5.26,3.52,6.06,5.02,11.09,4.32,4.1,26.14,26.89,184,123,212,175,385,150,143,345,3494,2398,719,125,0,0,0,3,2.54,-0.77,0.3,0.312
4017,7.07,3.93,8.27,5.96,9.41,9.52,6.14,32.2,22.85,603,335,705,509,804,813,524,1099,8528,1899,570,456,140,4,14,31,11.74,0.64,0.67,0.515
4018,6.15,3.97,8.06,4.34,10.01,7.68,4.16,30.6,36.03,310,200,407,219,506,388,209,593,5045,1930,579,217,0,0,258,2,1.24,0.16,0.53,0.38
4019,9.99,5.06,10.13,7.36,7.9,16.3,8.92,41.01,34,689,349,698,507,545,1125,614,1378,6888,1439,432,719,48,2,0,74,30.58,2.56,0.96,0.859
4020,9.51,4.3,8.96,5.64,8.45,16.39,7.76,39.15,31.42,762,345,718,452,676,1312,622,1471,8012,1725,517,633,0,0,0,86,29.55,2.03,0.9,0.823
4021,10.48,5.14,10.33,9.85,10.22,11.64,8.56,36.34,35.01,358,175,353,337,353,402,292,476,3411,1533,460,214,0,0,0,12,18.46,2.18,0.92,0.874
4022,9.72,3.88,10.02,8.85,10.56,7.68,6.67,30.07,40.49,296,118,305,270,323,235,203,313,3045,1710,513,253,0,0,0,0,0,1.17,0.79,0.731
4025,0,5.71,0,0,0,7.69,0,7.89,13.61,0,4,0,0,0,3,0,3,80,1600,480,0,0,0,0,0,0,-2.91,0.04,
4030,3.37,3.55,3.35,3.24,18.34,4.01,1.94,25.4,45.22,280,295,278,269,1523,333,161,1071,8307,2227,668,427,96,6,0,37,7.61,-1.69,0.11,0.111
4031,3.67,3.31,5.32,3.99,13.83,5.92,3.13,26.18,35.62,185,167,268,201,691,296,158,641,5037,2116,635,234,0,0,0,27,11.16,-1.14,0.22,0.15
4032,5.51,4.58,6.42,4.7,15.06,7.19,3.64,29.23,44.31,467,388,544,398,1276,609,309,1170,8478,1880,564,615,37,1,0,23,5.37,-0.22,0.44,0.387
4034,5.8,4.24,7.19,5.69,11.97,8.19,4.74,28.42,31.05,835,611,1036,820,1724,1180,683,1626,14404,2039,612,805,0,0,126,36,7.84,0.01,0.5,0.479
4035,4.52,2.95,7.29,3.82,11.07,4.91,2.81,25.91,15.8,193,126,311,163,474,210,120,386,4262,2495,749,18,0,0,0,12,7.79,-0.84,0.28,0.222
4036,5.03,4.47,8.75,6.77,10.87,5.49,4.82,28.05,25.53,89,79,155,120,194,98,85,177,1772,1961,588,37,0,0,0,0,0,-0.02,0.5,0.368
4037,4.76,2.41,5.56,5.67,7.94,1.61,3.63,18.53,10.71,39,20,46,47,69,14,30,48,827,2595,778,0,0,0,0,1,6.25,-1.61,0.12,0.167
4051,3.99,3.42,4.91,3.03,17.06,5.42,2.45,24.73,33.96,394,338,485,299,1681,534,242,1144,9877,2244,673,732,152,6,0,61,10.72,-1.26,0.2,0.118
4053,5.46,3.78,7.12,4.79,14.03,6.02,3.64,25.31,31.94,821,567,1069,719,2105,903,547,1626,15021,2179,654,1076,36,2,0,45,7.04,-0.47,0.36,0.309
4054,6.9,4.24,9.63,6.9,11.88,6.22,4.72,24.41,27.69,264,162,368,264,449,235,180,353,3826,1963,589,414,0,0,0,6,6.38,0.3,0.57,0.523
4055,4.75,3.14,7.14,4.2,9.01,3.47,2.76,21.27,18.78,197,130,296,174,376,145,114,291,4145,2437,731,0,0,0,0,1,1.16,-1.06,0.23,0.162
4059,1.84,5.27,3.72,1.84,27.83,2.37,1.72,37.46,49.39,123,353,249,123,1871,159,115,1174,6689,2022,606,231,102,3,0,87,9.03,-1.27,0.19,0.075
4060,3.32,3.15,5.83,1.33,15.24,4.36,2.14,28.24,22.12,98,93,172,39,440,126,63,357,2946,2437,731,37,45,1,0,20,12.42,-1.23,0.2,0.092
4061,4.27,3.12,8.2,1.89,8.05,4.93,2.42,23.86,15.53,113,82,217,50,214,131,64,215,2652,2513,754,0,0,0,0,5,6.41,-0.8,0.29,0.213
4064,1.42,3.53,2.6,1.61,20.18,2.81,1.05,25.2,43.68,74,184,136,84,1055,147,55,642,5231,2689,807,124,8,1,0,37,8.3,-2.27,0.06,0.033
4065,2.12,2.9,4.74,1.45,17.06,2.94,1.61,24.12,17.96,38,52,85,26,307,53,29,178,1791,3056,917,16,0,0,0,17,18.28,-1.92,0.09,0.055
4066,1.77,4.28,3.08,1.64,28.55,3.29,0.94,31.14,44.66,149,361,260,138,2415,278,79,1293,8433,2112,634,28,40,2,0,67,7.72,-1.77,0.1,0.043
4067,1.13,6.97,2.52,1.09,37.02,2.02,0.58,42.38,42.23,58,359,130,56,1903,104,30,895,5149,1790,537,0,0,0,0,131,18.27,-1.2,0.21,0.089
4068,2.12,4.91,4.33,1.36,23.81,3.31,1.62,32.23,39.54,212,492,434,136,2378,331,162,1381,10020,2122,636,130,0,0,0,94,11.96,-1.32,0.18,0.065
4069,3.21,3.06,6.05,1.4,11.4,5.27,2.53,26.47,13.32,151,144,284,66,530,245,119,409,4691,2939,882,0,0,0,0,23,13.22,-1.2,0.21,0.108
4070,4.91,4.53,8.98,1.93,7.86,5.36,3.21,31.01,13.54,79,73,145,31,126,86,52,169,1612,2297,689,0,0,0,0,1,3.57,0.01,0.5,0.2
4073,4.28,3.04,5.73,0.85,8.37,6.68,2.62,28.52,15.42,61,43,81,12,119,95,37,146,1422,2502,751,0,0,0,0,5,11.63,-0.91,0.26,0.113
4074,5.22,3.21,7.22,3.71,10.64,5.97,3.52,27.05,18.66,232,143,321,165,472,265,157,412,4446,2289,687,0,0,0,0,13,10.24,-0.54,0.35,0.186
4075,5.46,3.53,6.16,2.3,12.12,6.47,3.13,26.43,26.24,363,235,410,153,804,429,208,748,6655,2181,654,349,15,1,0,27,10.89,-0.63,0.33,0.256
4076,7.57,6.88,8.23,3.89,10.88,6.37,5.71,30.3,22.77,146,133,159,75,205,120,110,223,1931,1714,514,70,0,0,0,1,1.75,0.92,0.73,0.428
4077,6.31,5.15,8.44,6.78,12.23,7.54,7.71,31.06,47.96,1080,881,1444,1159,2091,1288,1318,1843,17098,1466,440,1833,0,0,304,53,12.24,0.68,0.68,0.878
4078,6.66,4.58,8.7,5.72,11.9,6.05,5.4,28.26,31.76,553,380,723,475,986,501,449,792,8304,1884,565,0,0,0,0,3,1.65,0.33,0.58,0.343
4101,2.12,4.49,3.31,1.92,17.83,2.9,1.58,32.21,48.11,380,803,592,344,3193,520,282,2991,17879,2193,658,512,271,14,0,182,7.87,-1.59,0.13,0.084
4102,2.58,4.83,2.52,2.37,25.57,3.94,1.98,31.1,50.81,152,285,149,140,1504,232,117,922,5897,2093,628,377,88,7,0,34,4.11,-1.53,0.15,0.169
4103,4.08,5.28,3.67,2.64,22.08,4.24,2.37,29.07,46.36,279,361,251,181,1506,289,162,951,6842,1994,598,345,125,3,0,48,10.11,-1.05,0.24,0.128
4104,5.13,4.76,4.67,2.4,19.1,6.94,2.99,29.41,33.65,120,111,109,56,446,162,70,345,2336,1973,592,299,46,1,0,18,11.92,-0.58,0.34,0.14
4105,4.94,4.64,5.41,4.04,15.43,6.94,4.33,28.18,34.3,232,218,254,190,725,326,203,634,4702,1850,555,425,0,0,0,24,10.71,-0.47,0.36,0.271
4106,4.15,6.67,5.83,5.11,21.54,0.67,5.42,33.55,39.9,27,43,38,33,129,4,35,105,650,1753,526,13,6,1,0,0,0,-0.35,0.4,0.363
4107,4.44,5.38,6.75,5.06,16.6,4.63,3.84,30.25,26.52,79,96,120,90,294,82,68,222,1779,1988,596,58,5,1,0,9,11.54,-0.32,0.42,0.365
4108,7.83,6.05,5.11,4.19,15.15,6.47,4.79,30.86,42.85,211,163,138,113,405,173,129,337,2695,1887,566,258,0,0,0,10,7.46,0.28,0.56,0.588
4109,4.69,5.66,5.22,2.99,14.33,5.87,4.09,30.67,34.69,613,740,682,390,1872,767,534,1255,13054,2146,644,249,36,2,50,32,6.39,-0.36,0.39,0.292
4110,6.38,5.26,8.21,6.59,11.79,6.25,5.56,28.59,35.04,369,304,475,381,681,361,321,574,5780,1800,540,505,5,1,0,7,3.35,0.36,0.59,0.767
4111,3.5,3.02,1.52,2.5,23.98,4.59,3.55,42.72,18.5,7,6,3,5,47,9,7,44,202,1937,581,0,0,0,0,0,0,-1.29,0.19,0.196
4112,4.52,3.83,4.86,1.62,12.03,3.67,3.74,29.52,27.66,109,92,117,39,292,89,90,186,2417,2062,619,45,0,0,0,2,5.71,-0.98,0.25,0.249
4113,3.99,4.65,4.82,2.32,13.23,5.15,3.42,31.13,35.83,422,493,511,246,1403,546,362,1115,10584,2089,627,112,0,0,30,16,4.15,-0.79,0.29,0.254
4114,8.97,7.09,9.79,9.43,12.03,7.31,10.33,35.98,53.66,1422,1125,1553,1495,1908,1159,1639,1947,15854,1309,393,1699,0,0,0,25,7.46,1.98,0.89,0.9
4115,4.38,4.24,7.5,3.63,10.63,5.51,4.17,28.72,24.8,218,211,374,181,529,274,208,469,4984,2050,615,65,0,0,0,5,3.85,-0.38,0.38,0.263
4116,3.64,4.63,6.86,1.98,11.32,4.02,3.37,29.67,29.42,294,374,554,160,912,324,272,734,8074,2137,641,25,0,0,0,10,4.5,-0.65,0.32,0.278
4117,4.41,4,7.97,5.25,11.78,2.49,5.25,31.83,40.12,52,47,94,62,137,29,62,106,1184,1883,565,0,0,0,0,0,0,-0.36,0.39,0.266
4118,6.87,5.1,9.31,7.21,11.73,4.72,5.59,31.54,29.43,634,470,858,665,1078,434,515,983,9223,1749,525,301,0,0,0,10,3.88,0.6,0.66,0.535
4119,4.98,4.78,6.83,1.99,13.31,7.02,4.15,30.81,25.96,88,84,120,35,235,124,73,183,1762,1862,559,60,0,0,0,5,10.87,-0.12,0.46,0.334
4120,3.57,4.38,3.35,2.39,18.74,5.84,2.16,26.2,47.3,179,220,168,120,943,294,108,666,5019,2086,626,275,81,2,0,20,6.27,-1.35,0.17,0.121
4121,5.22,3.98,6.95,3.21,13.23,6.3,3.59,23.6,24.89,335,255,446,206,850,405,230,634,6415,2218,665,620,0,0,0,36,13.33,-0.55,0.34,0.276
4122,4.64,4.55,6.65,3.56,14.54,5.9,3.95,30.2,32.47,706,692,1013,542,2213,898,602,1795,15229,1987,596,1034,167,6,0,57,7.57,-0.36,0.39,0.329
4123,4.7,4.36,8.05,4.02,10.64,5.64,3.88,32.27,21.69,233,216,399,199,526,279,192,545,4947,2149,645,134,7,1,13,32,23.53,-0.1,0.47,0.421
4124,6.91,4.68,9.4,8.06,10.75,5.07,5.37,30.73,20.5,329,223,448,384,511,241,256,491,4761,1791,537,145,0,0,87,7,6.93,0.53,0.64,0.774
4125,5.08,4.26,6.89,6.65,15.94,3.47,4.04,31.04,36.25,236,198,320,309,740,161,188,506,4652,1871,561,0,0,0,670,4,1.95,-0.43,0.37,0.476
4127,7.07,5.48,10.11,7.75,11.48,7.98,6.08,35.22,31.13,593,460,849,651,964,670,511,1097,8395,1639,492,518,64,2,9,34,14.23,1.21,0.8,0.566
4128,5.89,4.13,8.65,5.04,10.79,7.18,3.97,32.98,19.56,193,135,283,165,356,237,130,399,3271,1994,598,60,0,0,3,9,10.34,0.29,0.56,0.389
4129,6.98,4.03,9.4,6.59,11.28,3.21,5.28,31.64,29.71,139,80,187,131,225,64,105,206,1989,1948,584,42,0,0,0,3,7.5,0.33,0.58,0.578
4130,5.37,4.43,8.87,5.12,9.12,9.12,5.33,38.92,12.12,59,49,97,56,99,99,59,158,1102,2077,623,0,0,0,18,5,33.33,0.72,0.69,0.484
4131,8.51,6.16,9.36,8.56,12.86,7.38,7.64,36.03,48.82,501,363,552,505,759,436,451,758,5894,1516,455,439,0,0,0,2,1.08,1.52,0.85,0.753
4132,7.49,5.36,9.27,7.6,11.77,5.1,7.13,35.5,46.93,945,676,1170,958,1486,644,899,1357,12610,1549,465,447,119,1,0,7,2.6,1,0.75,0.777
4133,6.56,5.02,8.16,7.14,12.43,5.92,5.93,33.84,38.92,569,435,708,620,1080,515,515,1007,8685,1777,533,243,12,1,1053,13,5.26,0.53,0.64,0.702
4151,3.31,3.65,3.52,2,15.83,5.28,1.92,25.76,38.84,231,255,246,140,1107,369,134,884,6983,2199,660,236,39,2,0,30,6.96,-1.56,0.14,0.101
4152,4.25,3.43,6.79,2.92,12.75,6.42,3.17,23.9,25.47,512,413,818,352,1532,771,381,1154,12053,2414,724,622,6,1,185,48,9.68,-0.83,0.29,0.208
4153,3.84,2.6,8.23,2.76,9.79,3.22,2.18,25,16.37,28,19,60,20,73,24,16,62,731,2329,699,27,0,0,0,1,5,-1.04,0.24,0.22
4154,3.4,2.25,6.09,1.97,8.74,4.15,3.27,26.48,18.36,71,47,127,41,181,86,68,183,2084,2750,825,4,0,0,0,4,6.78,-1.34,0.17,0.138
4155,8.11,4.81,3.57,6.96,25.42,5.08,7.02,43.75,7.43,9,5,4,8,15,3,8,21,109,1778,533,0,0,0,0,0,0,0.38,0.6,0.917
4156,3.94,1.91,4.99,3.1,12.15,4.56,3.53,23.91,12.58,17,8,21,13,48,18,15,33,426,2595,779,0,0,0,0,0,0,-1.53,0.14,0.06
4157,7.94,3.83,9.45,6.67,11.48,10.47,6.72,36.2,21.8,339,163,403,285,491,448,286,644,4267,1784,535,426,4,1,0,8,6.84,1.2,0.8,0.704
4158,5.08,5.07,11.8,6.07,10,7.55,5.07,39.44,28.22,55,55,128,66,106,80,55,183,1083,1600,480,49,0,0,150,4,10.53,1.15,0.78,0.682
4159,7.12,3.25,9.13,6.41,10.64,8.11,5.59,32.49,18.97,198,90,254,178,295,225,155,332,2778,2092,628,209,0,0,147,10,15.15,0.56,0.65,0.532
4160,6.2,3.38,10.14,4.53,9.17,8.58,4.81,35.14,20.03,233,127,381,170,347,325,181,485,3764,2103,631,106,0,0,0,12,12.77,0.67,0.68,0.433
4161,8.91,4.61,10.58,8.93,11.29,7.65,6.23,33.54,21.45,312,161,370,312,394,267,218,432,3494,1717,515,362,0,0,0,12,21.82,1.36,0.84,0.772
4163,8.56,3.47,9.59,4.43,9.19,16.73,6.86,40.24,26.85,363,147,407,188,391,712,291,785,4243,1752,526,502,50,1,0,50,34.72,1.84,0.88,0.656
4164,4.9,3.43,8.42,5.26,12.92,5.87,3.97,31.17,25.01,234,164,403,252,616,280,190,519,4788,2152,646,33,0,0,0,11,7.24,-0.18,0.45,0.447
4165,7,3.5,7.71,6.09,9.96,8.01,4.78,32.45,21.19,577,288,636,502,820,660,394,899,8242,2115,634,231,12,1,0,15,8.62,0.29,0.57,0.496
4169,2.28,4.32,2.62,2.24,19.09,4.73,1.58,28.27,51.99,190,360,218,187,1589,394,132,1246,8332,2310,693,459,116,6,0,62,7.44,-1.72,0.11,0.072
4170,3.11,3.66,5.25,3.51,16.55,4.38,2.47,24.09,34.88,300,353,506,338,1594,422,238,1051,9631,2431,729,494,96,5,12,60,10.24,-1.39,0.16,0.104
4171,2.12,2.82,4.99,2.35,9.23,4.82,2.31,25.42,31.08,110,146,259,122,479,250,120,605,5187,2732,820,211,0,0,0,50,15.11,-1.67,0.11,0.053
4172,3.73,2.71,5.89,4.92,13.71,5.48,4.19,23.01,33.72,62,45,98,82,225,90,70,159,1665,2406,722,99,0,0,0,3,4.62,-1.21,0.2,0.297
4173,5.2,3.69,6.94,5.74,10.32,5.67,4.87,26.03,26.36,114,81,152,126,224,123,107,222,2200,2104,631,62,0,0,160,3,4.69,-0.48,0.36,0.326
4174,5.89,3.25,7.36,6.18,9.83,3.46,5.79,24.9,25.57,42,23,53,44,71,25,41,65,719,2263,679,16,0,0,0,4,28.57,-0.51,0.35,0.498
4178,6.8,3.54,8.96,6.19,10.02,11.03,5.83,32.65,30.78,557,290,734,507,823,906,478,1160,8195,1925,578,758,141,5,0,38,13.29,0.74,0.69,0.6
4179,5.7,3.73,9.33,4.82,8.64,7.03,4.56,33.26,22.8,259,169,424,219,392,319,207,606,4538,2036,611,275,61,2,0,26,19.7,0.33,0.58,0.418
4183,4.17,1.45,7.83,24.43,7.52,12.25,8.09,29.93,24.09,26,9,49,151,46,75,50,88,622,1606,482,0,0,0,30,0,0,-0.1,0.47,0.786
4184,16.06,6.89,8.38,7.35,5.09,26.58,10.92,54.38,22.1,294,126,153,134,95,496,200,522,1827,936,281,0,0,0,0,40,58.82,4.87,1,0.997
4205,9.58,5.64,10.85,9.14,13.82,9.6,6.99,40.67,30.69,185,109,209,177,265,184,135,338,1937,1384,415,95,32,1,660,4,5.63,2.12,0.91,0.937
4207,8.72,4.51,10.04,8.22,11.41,7.12,6.53,35.92,36.35,2153,1114,2479,2030,2816,1758,1613,3305,24705,1584,475,970,240,3,1469,42,5.28,1.29,0.82,0.845
4208,5.56,3.31,7.87,4.82,10.01,4.64,4.94,30.65,26.35,353,210,500,306,639,296,314,624,6357,2128,638,30,0,0,334,13,9.29,-0.23,0.43,0.338
4209,5.45,4.07,8.32,5.16,11.77,3.99,4.17,34.23,45.63,1838,1373,2805,1741,3963,1345,1405,3730,33706,1963,589,162,0,0,1097,79,8.23,-0.01,0.5,0.44
4210,6.43,4.04,8.21,4.74,10.56,6.6,5.15,39.31,19.6,282,177,360,208,464,290,226,594,4388,2088,627,60,0,0,0,18,18,0.55,0.65,0.552
4211,6.44,4.2,9.27,4.44,10.43,8.85,5.12,41.15,25.2,1011,659,1457,697,1637,1389,804,2445,15707,1836,551,579,19,1,574,83,21.17,0.97,0.74,0.624
4212,4.89,4.31,6.98,3.29,10.96,9.2,4.17,41.14,22.94,373,329,533,251,834,700,318,1149,7632,2304,691,50,0,0,370,115,36.16,0.33,0.58,0.375
4213,5.54,3.68,9.1,4.76,8.96,7.6,4.69,37.6,16.04,274,182,450,235,442,375,232,632,4946,2122,636,181,0,0,1,41,37.61,0.47,0.62,0.619
4214,6.39,4.52,7.41,4.23,13.91,7.79,4.93,38.15,28.49,704,498,817,466,1535,860,542,1442,11023,2092,628,327,97,2,425,87,22.66,0.52,0.63,0.573
4215,6.81,5.18,7.14,3.13,15.35,11.25,4.53,46.23,47.5,1818,1382,1906,835,4103,3005,1211,5955,26706,1494,448,1704,251,7,0,653,34.92,1.16,0.79,0.648
4216,6.05,4.04,7.79,2.8,10.27,15.79,5.1,48.18,29.4,703,469,905,325,1193,1833,593,2561,11617,1682,505,306,0,0,903,172,36.52,1.36,0.84,0.692
4217,3.68,5,4.54,1.76,12.2,10.75,2.93,46.29,33.08,593,805,730,283,1962,1728,471,3622,16090,1809,543,26,8,1,0,395,34.05,0.07,0.52,0.302
4218,2.68,3.75,5.58,2.05,12.43,7.81,2.72,41.3,31.25,305,427,635,233,1414,889,310,2167,11382,2077,623,63,0,0,0,222,36.39,-0.53,0.35,0.29
4220,3.87,3.37,5.95,2.96,11.9,8.7,2.76,38.42,26.07,332,289,511,254,1025,749,237,1465,8580,2137,641,322,0,0,381,128,35.75,-0.38,0.38,0.513
4221,5.07,3.59,7.43,4.57,10.52,10.51,4.51,40.62,25.28,370,262,543,334,769,768,329,1319,7302,2025,608,352,0,0,1,130,45.94,0.4,0.61,0.675
4223,5.11,3.52,8.49,4.64,7.92,10.83,5.61,41.07,20.98,161,111,268,146,250,342,177,522,3148,1946,584,173,0,0,0,47,48.96,0.67,0.68,0.748
4224,3.47,3.57,6.93,3.87,10.14,8.54,3.78,40.17,26.31,67,69,134,75,196,165,73,329,1933,1931,579,53,0,0,0,24,35.29,-0.14,0.46,0.719
4225,4.39,4.23,5.37,3.11,10.13,13.99,4.55,42.43,34.68,143,138,175,101,328,453,148,729,3258,1672,502,0,0,0,43,57,44.88,0.37,0.6,0.854
4226,4.1,3.37,7.74,2.75,12.36,7.64,3,42.15,30.62,470,386,888,315,1417,876,344,1834,11472,2156,647,41,166,4,0,112,21.33,0.02,0.5,0.423
4227,4.36,3.44,8.16,3.17,14.09,7.21,3.65,41.76,33.34,344,271,644,250,1113,569,288,1312,7890,1931,579,301,0,0,0,103,30.84,0.14,0.52,0.559
4228,3.26,2.97,5.14,2.76,8.09,3.5,3.81,40.85,7.13,13,12,20,11,30,13,15,58,395,2115,635,0,0,0,0,0,0,-0.88,0.27,0.372
4270,8.15,5.04,8.79,5.33,9.37,3.03,6.28,30.83,9.31,33,20,35,21,34,11,25,41,403,2148,644,0,0,0,0,0,0,0.61,0.67,0.464
4272,4.8,2.05,7.61,1.59,7.19,12.9,3.6,48.19,13.25,52,22,82,17,78,140,39,213,1079,1667,500,0,0,0,0,19,43.18,0.5,0.63,0.82
4275,3.71,3.14,5.34,3.39,4.18,8.54,4.69,25.34,13.41,21,18,30,19,24,49,27,56,566,2218,665,0,0,0,0,2,16.67,-0.91,0.26,0.491
4280,7.61,4.64,10.19,9.91,11.16,5.18,6.17,35.42,15.48,248,151,332,324,362,168,201,374,3260,1892,568,0,0,0,0,10,11.49,0.99,0.75,0.569
4285,10.65,4.57,9.8,12.04,8.57,12.88,10.14,43.4,23.09,531,228,488,601,429,645,506,862,4990,1366,410,159,50,1,41,20,17.39,2.46,0.95,0.813
4287,12.5,0,6.52,2.11,3.67,11.01,13.48,25.81,14.66,18,0,9,3,4,12,19,16,139,1387,416,0,0,0,0,0,0,0.88,0.72,0.978
4300,5.53,4.57,8.12,7.2,11.19,4.08,4.63,26.09,37.39,1409,1166,2072,1837,2855,1042,1181,2227,25500,2012,603,633,17,1,107,16,2.1,-0.2,0.44,0.481
4301,6.25,5.2,8.63,7.9,12.94,3.6,4.87,30.64,51.56,1172,975,1617,1481,2427,676,912,1820,18755,1659,498,176,0,0,155,4,0.84,0.25,0.55,0.583
4303,11.49,6.87,10.6,15.47,12.31,7.7,9.74,28.95,47.14,225,134,208,303,235,147,190,216,1951,1253,376,337,0,0,0,1,2.7,2.22,0.93,0.951
4304,10.51,5.64,10.61,11.81,12.11,8.76,8.4,34.31,39.93,745,400,752,838,861,623,597,994,7089,1401,420,503,181,4,298,0,0,2.03,0.9,0.869
4305,10.4,5.54,10.59,11.85,11.51,8,7.72,34.23,37.13,2486,1323,2531,2833,2749,1911,1844,3252,23893,1489,447,1135,355,9,250,24,3.48,1.9,0.89,0.799
4306,5.6,3.28,8.12,8.2,12.46,4.27,4.57,27.54,21.2,517,303,750,757,1150,394,422,921,9241,1903,571,62,75,2,54,15,3.87,-0.35,0.4,0.602
4307,7.12,1.81,7.06,1.94,6.03,2.59,8.81,22.83,17.07,19,5,19,5,14,6,23,21,266,1569,471,0,0,0,0,0,0,-0.55,0.34,0.815
4309,7.53,4.5,8.72,4.13,7.52,10.02,6.39,30,12.89,33,20,38,18,33,44,28,54,431,1399,420,0,0,0,0,0,0,0.86,0.72,0.801
4310,8.41,3.11,9.16,4.12,6.86,14.55,7.44,32.49,16.13,82,30,89,40,67,142,72,128,976,1457,437,0,0,0,0,3,10.71,1.29,0.82,0.663
4311,11.79,4.74,10.27,11.75,9.59,9.37,9.99,39.11,21.7,264,106,230,262,215,210,223,316,2241,1284,385,0,64,1,5,5,10.42,2.34,0.94,0.92
4312,9.33,3.6,6.87,4.77,7.45,23.8,11.25,41.8,16.22,39,15,29,20,31,99,46,79,421,1134,340,0,0,0,15,6,54.55,2.35,0.94,0.939
4313,11.91,3.86,10.29,9.32,6.32,16.39,10.29,34.76,19.21,53,17,46,41,27,70,46,65,443,1220,366,0,0,0,0,2,16.67,2.55,0.96,0.973
4314,12.22,5.37,9.39,6.53,7.49,15.18,7,34.74,15.6,61,27,48,33,37,75,36,74,509,1156,347,0,0,0,0,0,0,2.43,0.95,#N/A
4340,9.65,5.39,10.41,10.83,11.71,10.83,8.72,35.15,26.61,154,86,166,172,186,172,139,213,1594,1445,433,0,0,0,0,5,9.8,2.01,0.89,0.769
4341,11.22,5.03,10.34,11.1,11.33,8.93,8.73,36.86,21.12,374,168,345,370,378,298,292,442,3335,1442,433,50,0,0,42,20,25.32,2.12,0.92,0.946
4342,10.16,4.72,8.49,9.56,20.06,6.02,7.29,35.98,23.96,65,30,54,61,130,39,46,77,639,1478,443,0,0,0,0,1,10,1.28,0.81,0.893
4343,6.15,3.32,6.17,6.45,14.08,6.36,8.13,27.2,32.67,242,131,243,254,560,253,320,374,3942,1738,521,131,10,1,0,2,1.19,-0.22,0.44,0.554
4344,7.45,5.25,8.68,13.58,9.47,5.68,9.57,27.72,19.75,40,28,46,72,50,30,51,51,532,1627,488,0,0,0,4,0,0,0.79,0.7,0.779
4346,9.55,4.81,7.91,10.56,11.83,13.02,8.33,39.13,17.99,17,9,14,19,20,22,14,27,181,1406,422,0,0,0,0,0,0,1.76,0.88,0.474
4347,8.33,5.46,7.44,8.44,16.19,1.43,10.16,27.16,17.8,20,13,18,20,34,3,25,22,244,1468,440,0,0,0,0,0,0,0.49,0.62,0.658
4350,7.6,4.47,8.23,9.3,13.75,8.19,7.34,30.96,35.25,3097,1820,3353,3792,5602,3336,2991,5221,40760,1565,470,1765,372,9,1166,129,7.91,0.75,0.7,0.59
4352,5.91,2.76,6.05,8.32,8.54,5.2,5.07,21.91,14.3,257,120,263,362,373,227,221,317,4348,2102,631,0,0,0,266,3,2.36,-0.84,0.28,0.37
4353,12.5,0,0,8.57,14.29,0,14.29,23.08,10.29,4,0,0,3,3,0,4,3,35,833,250,0,0,0,0,0,0,-0.97,0.26,0.116
4354,8.11,4.55,6.35,12.97,6.29,15.72,11.54,31.43,15.09,15,8,12,24,10,25,21,22,187,1482,445,0,0,0,0,0,0,1.33,0.83,0.881
4355,9.58,1.85,9.6,7.05,7.89,17.74,9.8,34.31,19.96,53,10,53,39,44,99,54,82,556,1225,368,0,21,1,0,1,4.35,1.76,0.88,0.953
4356,5.68,2.73,8.96,10.16,12.77,10.68,7.16,27.4,19.88,58,28,92,104,134,112,73,114,1024,1578,473,0,0,0,0,0,0,0.29,0.56,0.576
4357,5.92,1.46,7.34,8.86,5.89,8.42,7.58,19.03,24.22,37,9,46,55,35,50,47,47,620,1828,548,0,0,0,0,1,6.67,-0.58,0.33,0.336
4358,6.75,2.09,8.17,13.02,18.12,6.85,5.95,24.18,26.34,52,16,63,100,135,51,46,74,770,1530,459,0,0,0,0,0,0,-0.22,0.44,0.537
4359,9.21,0,3.18,22.29,8.48,3.03,0,28.81,11.96,14,0,5,35,14,5,0,17,159,1649,495,0,0,0,0,0,0,-1.45,0.15,0.866
4360,12.09,0,10.87,14.29,0,0,6.74,37.93,15.37,11,0,10,12,0,0,6,11,91,1343,403,0,0,0,0,0,0,0.8,0.71,0.985
4361,9.61,2.57,9.22,11.11,10.02,15.69,7.33,35.45,19.42,49,13,47,56,53,83,37,78,508,1441,432,9,0,0,0,0,0,1.58,0.86,0.924
4362,8.59,1.05,9.26,14.87,7.76,12.74,11.52,31.94,14.61,33,4,35,58,28,46,44,46,380,1442,433,3,0,0,0,1,8.33,1.09,0.77,0.922
4363,2.99,0,7.97,15.67,9.09,0,8.94,16.67,21.63,4,0,11,21,9,0,11,7,133,1552,466,0,0,0,0,0,0,-1.77,0.1,0.944
4364,0,0,7.55,0,10.34,0,5.45,0,30.51,0,0,4,0,3,0,3,0,54,1325,397,0,0,0,0,0,0,-3.14,0.04,0.125
4365,7.04,3.95,17.33,8.11,22.45,8.16,13.75,28.57,13.14,5,3,13,6,11,4,11,10,77,1416,425,0,0,0,0,0,0,2.35,0.94,0.789
4370,8.75,4.14,9.28,14.32,10.32,11.9,9.59,33.7,27.3,457,216,484,747,538,620,500,733,5225,1360,408,112,0,0,0,6,3.68,1.54,0.85,0.857
4371,11.39,6.41,0,0,8.89,33.33,9.23,28.57,10.67,9,5,0,0,4,15,6,6,72,1414,424,0,0,0,0,0,0,2.09,0.91,0.607
4373,8.1,2.28,10.7,19.82,13.46,10.1,11.16,40.82,21.7,17,5,23,43,28,21,24,40,212,1031,309,3,0,0,0,0,0,1.58,0.86,0.883
4374,0,0,4.76,0,0,0,8.06,29.63,16.04,0,0,3,0,0,0,5,8,64,1583,475,0,0,0,0,0,0,-2.36,0.06,0.094
4375,7.32,0,9.3,23.91,0,32,17.14,0,19.91,3,0,4,11,0,8,6,0,44,2147,644,0,0,0,0,0,0,1.2,0.8,
4376,21.43,0,6.58,0,5.77,0,16.46,42.86,22.09,15,0,5,0,3,0,13,12,76,1057,317,0,0,0,0,0,0,2.39,0.95,0.697
4377,5.56,5.26,3.41,3.41,18.97,0,8.51,27.78,15.38,5,5,3,3,11,0,8,10,92,1266,380,0,0,0,0,0,0,-0.82,0.29,0.041
4378,9.17,0,6.14,3.42,6.12,4.08,10.53,37.14,21.02,11,0,7,4,6,4,12,13,119,2166,650,0,0,0,0,0,0,0.04,0.51,0.539
4380,10.15,3.85,8.29,6.9,10.19,15.83,9.69,36.82,22.27,185,70,151,126,186,289,177,303,1819,1265,379,97,0,0,0,6,10,1.94,0.89,0.818
4381,8.04,0,11.02,10.43,17.59,3.7,6.96,31.11,16.69,9,0,13,12,19,4,8,14,113,1162,349,0,0,0,0,0,0,0.19,0.54,0.733
4382,11.94,0,10,0,9.38,9.38,4.92,24,11.7,8,0,7,0,3,3,3,6,62,1718,515,0,0,0,0,0,0,0.65,0.67,0.181
4383,14.52,7.09,8.87,5.26,2.46,19.67,7.03,36.49,21.01,18,9,11,7,3,24,9,27,121,858,257,0,0,0,0,0,0,3.38,0.99,
4385,4.55,5.15,6.29,18.53,10.28,7.45,15.54,23.81,23.71,13,15,18,53,29,21,46,30,286,1275,382,20,0,0,0,0,0,0.26,0.55,0.699
4387,7.74,4.31,12.46,17.33,8.97,10.87,16.03,31.76,25.75,27,15,44,61,33,40,55,47,350,1128,339,14,0,0,0,0,0,2.18,0.92,0.808
4388,8.89,3.3,9.28,18.6,10.26,7.69,9.09,18.42,27.11,8,3,9,16,4,3,9,7,93,1516,455,0,0,0,0,0,0,0.55,0.65,0.673
4390,5.01,3.01,6.79,15.72,12.63,9.54,8.46,23.47,30.54,105,63,142,329,266,201,177,200,2090,1922,577,93,0,0,0,0,0,-0.26,0.43,0.382
4400,6.72,2.52,5.98,12.12,11.34,3.28,5.43,25.64,16.78,24,9,21,44,38,11,19,30,358,1710,513,0,0,0,0,0,0,-0.73,0.31,0.467
4401,7.72,4.53,10.87,20.52,11.05,6.72,9.96,25.55,31.58,141,83,199,374,199,121,182,173,1829,1563,469,48,0,0,0,0,0,1.08,0.76,0.707
4403,6.56,6.04,4.95,15.34,10.59,2.94,6.32,15.79,21.03,12,11,9,27,18,5,12,9,180,1644,493,0,0,0,0,0,0,-0.64,0.32,0.486
4404,0,0,0,4.35,9.09,0,3.57,0,20.04,0,0,0,4,6,0,3,0,96,2156,647,0,0,0,0,0,0,-4.48,0,0.28
4405,7.95,3.98,8.4,17.4,12.34,7.24,8.69,23.02,29.76,351,176,371,769,544,319,383,408,4417,1539,462,112,0,0,0,1,0.76,0.49,0.62,0.443
4406,4.65,2.24,5.26,6,10.03,3.68,6.04,7.2,17.88,14,7,16,18,30,11,18,9,305,1855,557,0,0,0,0,0,0,-1.83,0.09,0.426
4407,10.09,6.6,3.7,15.32,3.8,0,16.22,8.77,22.16,11,7,4,17,3,0,18,5,113,1363,409,0,0,0,0,0,0,-0.02,0.49,0.295
4408,10.42,5.15,8.16,9.18,15.66,25.3,12.77,14.29,17.69,10,5,8,9,13,21,12,6,92,1345,403,12,0,0,0,0,0,2.2,0.93,0.646
4410,16.08,4.88,8.73,14.96,8.97,20.63,13.73,22.55,21.35,41,12,22,38,20,46,35,23,250,1051,315,18,0,0,0,0,0,3.2,0.98,0.934
4411,10.64,0,0,0,0,0,6.25,26.09,17.33,5,0,0,0,0,0,3,6,52,2416,725,0,0,0,0,0,0,-1.65,0.12,0.164
4413,5.01,2.33,7.23,13.04,10.22,6.98,6.82,17.74,31.66,149,69,215,387,300,205,202,212,2972,2015,604,42,0,0,0,0,0,-0.79,0.3,0.198
4415,6.25,2.54,6.62,14.07,10.11,10.11,7.72,13.59,35.52,54,22,57,121,89,89,67,50,861,1581,474,32,0,0,0,1,1.79,-0.53,0.35,0.259
4416,0,0,11.49,3.7,13.43,0,5.13,7.89,18.4,0,0,10,3,9,0,4,3,83,1388,417,0,0,0,0,0,0,-2.24,0.07,0.038
4417,8.85,0,7.69,25.77,4.6,11.49,14.8,14.29,25.6,17,0,15,50,8,20,29,12,192,1337,401,0,0,0,0,0,0,0.18,0.53,0.392
4419,6.09,0,6.75,10.61,13.61,3.4,9.51,6,17.5,19,0,21,33,40,10,29,9,312,1666,500,0,0,0,0,0,0,-1.59,0.13,0.145
4420,1.78,1.33,3.51,11.84,13.46,3.85,5.83,11.83,17.55,4,3,8,27,28,8,13,11,223,2129,639,0,0,0,0,0,0,-2.57,0.05,0.404
4421,9.53,5.46,7.96,15.82,11.43,6.65,11.84,20.1,21.11,43,25,36,72,55,32,54,41,449,1112,334,26,0,0,0,0,0,0.97,0.75,0.711
4422,10.81,0,0,12.86,0,17.07,12.12,0,16.29,8,0,0,9,0,7,8,0,72,1974,592,3,0,0,0,0,0,-1.06,0.24,0.087
4425,0,0,0,0,0,0,9.38,0,23.64,0,0,0,0,0,0,3,0,39,1968,590,0,0,0,0,0,0,-4.12,0,0.668
4427,0,0,7.87,25.88,0,0,16.67,0,28.06,0,0,7,22,0,0,13,0,87,1262,379,0,0,0,0,0,0,-2.4,0.06,0.004
4428,2.86,0,7.69,30.19,0,5.88,9.57,6.98,13.04,3,0,8,32,0,4,9,3,108,1819,546,0,0,0,0,0,0,-1.75,0.1,0.738
4454,3.33,2.03,5.84,7.28,0,15.56,9.46,5.19,14,5,3,9,11,0,21,14,4,153,1385,415,0,12,1,0,0,0,-1.05,0.24,0.142
4455,4.14,2.36,6.16,19.55,14.07,6.05,6.83,14.88,32.47,123,70,183,580,416,179,203,193,2969,2041,612,0,0,0,0,0,0,-1.26,0.19,0.203
4465,4.82,4.78,5.67,30.98,10,6.8,11.54,23.48,18.99,12,12,14,79,25,17,30,27,252,1511,453,0,0,0,0,0,0,-0.16,0.45,0.74
4468,12.9,18.75,10.34,25.81,0,0,13.64,0,11.61,4,6,3,8,0,0,3,0,31,1362,409,0,0,0,0,0,0,3.11,0.98,0.52
4470,5.23,1.95,6.77,22.14,10.08,9.98,9.13,11.86,27.87,51,19,66,215,96,95,89,53,972,1818,545,70,0,0,1,0,0,-0.76,0.3,0.409
4472,5.72,1.5,4.45,5.57,10.09,11.67,14.2,10.56,21.42,19,5,15,19,32,37,49,17,335,1785,535,12,0,0,3,0,0,-0.75,0.3,0.629
4477,4.29,0,0,6.85,6.67,0,4.41,0,12.26,3,0,0,5,3,0,3,0,71,1916,575,0,0,0,0,0,0,-3.74,0.02,0.435
4478,6.29,3.76,5.56,10.71,11.2,12,9.7,9.09,22.44,9,5,8,15,14,15,13,6,136,1761,528,0,0,0,21,0,0,-0.4,0.37,0.317
4480,5.06,1.67,4.92,25.56,14.19,12.26,1.63,7.53,23.33,9,3,9,46,22,19,3,7,182,1818,545,0,0,0,0,0,0,-1.6,0.13,0.544
4481,0,0,0,37.25,24.14,13.79,0,0,23.42,0,0,0,19,7,4,0,0,52,3250,975,0,0,0,0,0,0,-3.77,0.01,0.077
4482,0,3.95,5.33,23.68,0,0,0,0,35.96,0,3,4,18,0,0,0,0,73,2805,841,24,0,0,0,0,0,-3.16,0.03,
4486,4.76,7.32,6.79,32.93,7.8,4.96,9.49,8.97,22.04,8,12,11,54,11,7,15,7,160,1487,446,20,0,0,0,0,0,-0.33,0.41,0.205
4487,3.9,4.63,8.2,38.66,11.74,8.58,9.65,18.75,32.63,43,51,90,426,130,95,107,87,1106,1651,495,89,13,1,0,1,2.63,-0.09,0.47,0.438
4488,0,0,0,13.33,10.71,0,16.67,0,16.26,0,0,0,6,3,0,6,0,47,1446,434,0,0,0,0,0,0,-3.67,0.02,0.106
4490,4.38,3.8,8.65,56.67,7.45,9.44,11.26,13.25,33.39,27,23,53,344,45,57,68,33,611,1375,412,94,0,0,0,0,0,-0.13,0.46,0.406
4492,0,0,0,11.63,9.73,3.54,9.92,0,24.33,0,0,0,15,11,4,12,0,127,2384,715,0,0,0,0,0,0,-3.85,0.01,0.019
4494,0,0,0,0,21.05,0,14.29,0,23.23,0,0,0,0,4,0,5,0,36,1818,545,0,0,0,0,0,0,-3.82,0.01,0.009
4496,8.33,0,0,0,44.44,0,0,30.77,15.74,3,0,0,0,8,0,0,4,34,1781,534,0,0,0,0,0,0,-2.24,0.06,0.058
4497,6.12,6.25,0,20.83,0,0,9.09,0,15.32,3,3,0,10,0,0,4,0,51,1827,548,0,0,0,0,0,0,-2.08,0.08,0.399
4500,6.89,4.18,8.11,7.14,11.47,5.97,4.95,29.73,27.66,861,523,1013,892,1432,745,619,1339,12493,1912,574,272,0,0,0,15,4.95,0.23,0.54,0.411
4501,8.4,5.43,10.84,9.84,13.25,8.01,5.99,33.79,37.61,184,119,238,215,293,177,132,320,2196,1396,419,231,10,1,0,15,27.78,1.48,0.85,0.886
4502,7.57,4.71,9.8,6.63,13.79,5.27,4.65,34.85,28.09,184,114,238,161,332,127,113,329,2424,1632,490,154,0,0,0,8,8.51,0.82,0.71,0.605
4503,6.37,4.22,9.37,6.05,12.29,5.43,4.58,32.42,40.02,1327,878,1950,1259,2559,1130,954,2607,20822,1739,522,438,0,0,42,20,3.31,0.39,0.6,0.547
4504,6.5,3.77,9.2,5.71,11.4,3.68,4.94,25.95,23.96,321,186,455,282,564,182,244,401,4946,2132,639,32,0,0,0,5,3.76,-0.02,0.49,0.455
4505,7.19,3.99,9.62,7.63,13.43,6.87,5.69,33.93,24.95,462,256,618,490,860,440,365,809,6429,1803,541,95,0,0,973,7,3.1,0.75,0.7,0.743
4506,9.18,4.95,10.17,9.26,12.77,6.75,6.72,38.84,41.52,959,517,1062,967,1329,702,701,1478,10444,1524,457,213,0,0,134,11,3.49,1.55,0.86,0.83
4507,12.14,3.73,8.16,5.92,5.74,26.88,10.62,47.78,22.74,562,173,378,274,266,1245,491,1063,4628,1305,392,380,0,0,881,92,54.44,3.42,0.99,0.966
4508,10.62,5.73,10.53,12.72,10.9,10.43,8.58,39.34,38.19,783,421,777,938,804,769,633,1091,7375,1405,422,551,0,0,289,10,6.29,2.36,0.94,0.912
4509,4.85,3.66,7.83,4.37,10.58,4.14,3.49,26.77,39.42,719,543,1161,647,1566,613,517,1353,14819,2148,644,0,0,0,0,13,2.67,-0.55,0.34,0.188
4510,10.63,5.39,10.39,11.22,10.72,10.01,8.43,39.3,35.26,2088,1059,2040,2202,2102,1962,1655,2889,19634,1456,437,970,90,2,826,35,7.8,2.24,0.93,0.91
4511,10.79,3.78,9.84,9.57,8.16,12.78,6.66,42.8,21.31,231,81,211,205,173,271,143,336,2143,1606,482,0,0,0,313,8,16,2.11,0.91,0.847
4512,5.78,1.9,6.69,3.4,6.32,6.03,9.58,27.56,9.01,19,6,22,11,22,21,30,35,329,2181,654,0,0,0,0,0,0,-0.36,0.39,0.665
4514,8.6,3.68,9.46,6.42,6.74,8.54,8.2,38.92,11.33,83,36,92,62,64,81,80,144,967,1756,527,0,0,0,0,4,22.22,1.34,0.83,0.852
4515,3.93,2.42,4.23,3.56,5.66,4.22,5.04,23.14,23.35,42,26,45,38,63,47,54,81,1066,2224,667,0,0,0,0,0,0,-1.53,0.14,0.67
4516,7.25,4.38,7.71,7.24,10.5,6.56,7.09,25.4,9.15,28,17,30,28,40,25,27,32,386,2174,652,0,0,0,0,0,0,0.27,0.55,0.549
4517,5.98,6.09,5.88,9.48,15.63,4.17,11.61,33.33,12.73,7,7,7,11,15,4,13,14,118,1396,419,0,0,0,84,0,0,0.47,0.62,0.891
4518,6.46,2.93,8.34,5.22,9.79,8.66,4.71,36.79,16.09,57,26,74,46,86,76,42,117,882,1813,544,9,11,1,1,6,30,0.41,0.61,0.806
4519,8.38,3.13,9.59,7.14,11.93,8.87,6.1,38.31,22.64,178,66,203,151,250,186,130,303,2116,1647,494,89,0,0,0,5,9.09,1.1,0.78,0.755
4520,5.77,2.36,6.09,1.39,5.63,7.54,2.67,30.7,6.83,54,22,57,13,53,71,25,97,938,2660,798,0,0,0,0,8,25.81,-0.59,0.33,0.21
4521,8.96,4.42,6.45,5.45,9.76,2.6,6.7,31.84,9,42,21,30,25,45,12,31,57,463,1927,578,0,0,0,0,5,21.74,0.29,0.57,0.627
4550,8.01,2.47,8.59,5.53,10.06,9.13,5.82,37.37,20.18,78,24,84,54,97,88,57,145,977,1703,511,39,0,0,15,7,24.14,0.74,0.69,0.721
4551,6.38,3.39,8.38,4.51,9.65,10.5,5.07,38.83,28.43,1244,660,1633,879,1883,2049,989,3006,19497,1889,567,721,41,1,1230,141,22.56,0.7,0.68,0.784
4552,6.92,3.76,10.03,5.18,6.67,11.68,4.03,42.57,15.51,98,53,142,73,92,161,57,252,1417,1605,481,0,0,0,138,19,43.18,1.27,0.81,0.782
4553,3.89,3.21,7.48,5.96,15.3,4.07,3.84,30.06,17.51,72,59,138,110,286,76,71,187,1847,2319,696,0,55,1,0,2,3.03,-0.71,0.31,0.726
4554,4.82,4.97,5.52,9.58,0,12.5,5.06,30.77,8.51,8,8,9,16,0,15,8,20,168,1954,586,0,0,0,0,0,0,0.1,0.52,0.61
4555,7.51,3.38,7.85,5.76,10.62,9.07,3.73,38.5,18.32,104,47,109,80,151,129,52,206,1391,1987,596,38,0,0,210,10,41.67,0.6,0.66,0.581
4556,5.28,3.24,7.65,3.81,14.12,6.75,3.42,36.28,22.97,564,346,816,407,1502,718,365,1452,10673,2055,617,239,0,0,815,74,8.44,-0.07,0.48,0.508
4557,4.24,2.9,7.99,3.55,10.9,6.82,3.63,36.89,36.36,319,218,600,267,818,512,273,1113,7507,1998,599,295,0,0,0,57,21.19,-0.2,0.45,0.506
4558,6.5,3.22,6.51,3.51,12.85,12.48,4.41,36.5,35.39,571,283,572,309,1130,1098,387,1488,8782,1873,562,538,54,1,403,87,26.05,0.39,0.61,0.714
4559,7.65,3.2,6.63,5.2,10.88,9.89,6.39,39.06,18.09,103,43,89,70,142,129,86,207,1349,1882,565,11,6,1,4,8,20.51,0.64,0.67,0.745
4560,8.48,4.14,9.24,7.43,9.68,10.08,5.59,41.07,22.62,700,342,763,613,799,832,461,1407,8257,1595,478,455,10,1,615,62,23.48,1.39,0.84,0.825
4561,6.41,3.6,7.42,5.99,8.91,8.91,5.2,36.17,15.4,84,47,97,78,117,117,68,183,1308,1772,532,55,0,0,0,10,18.87,0.39,0.6,0.871
4562,5.13,3.85,6.68,1.94,6.85,8.84,4.26,39.05,10.76,48,36,62,18,62,80,40,132,934,1948,584,0,0,0,0,19,65.52,0.15,0.53,0.445
4563,6.79,3.78,8.06,4.82,9.39,11.67,6.01,42.29,14.01,93,52,111,66,124,154,83,225,1368,1622,487,55,0,0,288,23,58.97,1.04,0.76,0.828
4564,4.45,3.18,8.02,2.58,9.04,9.77,4.28,41.78,24.65,133,95,240,77,270,292,128,539,2987,1890,567,14,0,0,308,40,34.78,0.3,0.57,0.561
4565,7.99,2.85,9.37,4.77,9.08,14.95,5.76,44.07,21.69,262,93,307,156,294,484,189,587,3269,1688,506,219,0,0,43,54,50.47,1.56,0.86,0.861
4566,4.46,3.04,7.14,2.21,6.74,17.08,4.26,47.07,21.77,93,63,149,46,140,355,89,425,2088,1926,578,33,0,0,0,59,66.29,0.82,0.71,0.685
4567,3.41,2.75,6.2,1.6,7.5,11.66,2.39,38.35,24.18,111,90,202,52,243,378,78,525,3261,2225,668,97,0,0,0,92,58.6,-0.35,0.4,0.501
4568,4.97,3.02,10.28,3.26,10.86,14.82,6.28,38.98,12.46,23,14,48,15,52,71,29,69,463,1578,473,0,0,0,0,0,0,1.09,0.77,0.905
4569,2.99,6.44,11.88,4.93,10.4,4.46,1.96,46.67,11.75,6,13,24,10,21,9,4,35,203,1382,415,0,0,0,0,0,0,0.93,0.74,0.968
4570,11.58,4.04,9.94,8.74,10.06,12.15,8.25,40.56,20.27,1081,377,928,815,936,1130,769,1546,9330,1335,401,389,42,1,77,34,11.81,2.27,0.93,0.929
4571,12.8,0,8.26,8.26,5.26,10.53,2.68,37.5,12.73,16,0,10,10,3,6,3,18,117,1213,364,0,0,0,0,0,0,0.94,0.74,0.992
4572,3.1,3.76,5.31,2.01,12.75,10.73,2.38,36.69,29.56,42,51,72,27,170,143,32,262,1354,1920,576,27,0,0,13,29,35.37,-0.49,0.36,0.353
4573,4.32,2.73,7.21,2.96,8.22,8.68,3.34,39.52,29.12,399,252,665,273,758,801,308,1431,9230,2082,624,191,0,0,0,134,36.22,-0.14,0.45,0.472
4574,9.88,3.43,10.61,3.51,3.57,25.6,9.09,36.96,12.02,17,6,19,6,6,43,16,34,176,1471,441,12,0,0,0,0,0,2.83,0.97,0.941
4575,5.49,2.95,6.94,3.79,11.84,8.63,4.16,38.16,31.74,488,262,617,337,1053,767,370,1354,8891,2130,639,233,0,0,0,76,20.6,0.04,0.51,0.571
4580,12.93,3,8.17,8.4,6.51,30.37,12.08,46.98,20.08,138,32,87,89,66,308,129,249,1065,1055,316,0,0,0,3,27,58.7,3.72,0.99,0.987
4581,6.9,1.22,3.29,4.6,6.64,17.21,4.96,28.77,25.89,40,7,19,27,39,101,29,82,576,1521,456,0,0,0,1,0,0,-0.33,0.41,0.452
4600,13.7,3.33,10.97,6.16,2.4,13.6,9.32,20.9,15.87,20,5,17,9,3,17,15,14,150,1342,403,0,0,0,0,0,0,2.1,0.91,0.975
4601,8.86,2.48,6.53,11.16,3.35,11,8.11,26.72,19.65,21,6,16,27,7,23,18,31,238,1362,409,0,0,0,0,0,0,0.42,0.61,0.849
4605,4.59,3.9,12.46,68.31,12.18,7.35,12.8,16.46,40.53,89,76,243,1332,232,140,249,107,1940,1201,360,47,0,0,0,0,0,0.61,0.66,0.794
4606,9.84,3.36,8.73,17.98,8.62,16.51,12.57,26.17,23.24,56,19,49,103,47,90,71,67,569,1282,385,25,0,0,0,1,9.09,1.72,0.87,0.898
4608,14.57,2.17,7.14,12.68,4.07,13.82,12.41,34.78,16.37,22,3,10,18,5,17,18,24,147,1257,377,0,0,0,0,0,0,2.14,0.92,0.68
4610,8.49,3.2,8.43,11.75,12.24,9.16,8.24,28.59,28.54,369,139,366,512,528,395,358,502,4349,1533,460,138,12,1,0,9,5.49,0.74,0.69,0.75
4613,11.26,6.8,8.78,12.93,8.33,7.5,8.86,14.52,17.05,17,10,13,19,10,9,14,9,150,945,284,0,0,0,0,0,0,1.28,0.81,0.239
4614,14.72,4.21,8.49,14.06,6.44,16.26,13.61,29.01,26.3,48,13,27,44,21,53,43,38,323,1218,365,0,0,0,0,0,0,2.76,0.97,0.98
4615,13.52,4.47,9.2,12.2,6.29,18.4,12.63,36.21,19.77,194,64,132,175,91,266,181,235,1432,1129,339,61,0,0,0,0,0,3.07,0.97,0.961
4620,5.88,0,0,0,25.71,0,16.98,15,11.18,3,0,0,0,9,0,9,3,51,743,223,0,0,0,0,0,0,-2.16,0.07,0.401
4621,8.78,5.22,8.82,17.49,10.57,7.92,9.65,35.59,14.29,23,14,24,46,28,21,25,42,270,1212,364,0,0,0,0,0,0,1.46,0.85,0.927
4625,7.67,4.19,7.26,19.05,12.88,8.79,9.01,25.27,24.38,52,28,49,129,85,58,61,71,673,1319,396,0,0,0,0,1,3.57,0.5,0.63,0.493
4626,4.87,2.86,3.64,9.27,11.26,6.31,8.45,15.3,28.99,32,19,24,61,75,42,56,41,666,2034,610,0,0,0,0,0,0,-1.33,0.17,0.346
4627,4.65,8.79,7.51,47.98,14.81,7.41,10.23,17.11,19.91,8,16,13,83,24,12,18,13,176,1116,335,0,0,0,0,0,0,0.53,0.64,0.949
4630,6.83,6.42,6.61,5.44,11.88,12.71,7.86,19.48,19.85,33,31,32,26,57,61,39,45,481,1273,382,0,0,0,0,0,0,0.62,0.67,0.677
4650,13.74,6.12,10.53,10.59,10.58,14,10.87,37.53,22.21,1060,472,812,816,818,1083,838,1246,7709,1177,353,632,93,2,280,30,14.63,3.25,0.98,0.956
4655,11.06,4.9,9.71,9.77,8.77,14.97,8.22,39.45,26,1969,872,1729,1741,1561,2664,1465,2843,17807,1425,428,813,111,3,1793,133,22.17,2.44,0.95,0.958
4659,13.08,3.82,8.52,10.77,5.67,22.79,10.23,41.31,16.19,118,35,77,97,54,217,92,164,903,1169,351,37,0,0,2,6,42.86,3.11,0.98,0.99
4660,10.42,3.66,6.51,7.73,8.93,20.05,8.37,33.43,18.09,162,57,101,120,138,310,131,223,1553,1289,387,8,0,0,3,6,21.43,1.75,0.88,0.903
4662,13.93,7.63,11.81,9.02,8.16,19.39,10.4,41.46,16.29,17,10,15,12,8,19,13,17,130,1138,342,5,0,0,0,0,0,4.22,1,1
4670,10.21,5.01,9.39,10.82,10.43,12.72,9.56,34.39,27.69,2424,1189,2228,2567,2476,3020,2269,3363,23733,1423,427,1303,136,4,923,56,9.66,2.02,0.9,0.932
4671,10.91,5.56,7.99,9.58,8.99,10.89,10.33,25.78,14.44,101,52,74,89,85,103,95,99,927,1318,396,28,0,0,0,2,10,1.61,0.87,0.907
4673,17.24,5,19.67,0,16.67,0,0,36.67,7.53,10,3,12,0,4,0,0,11,54,1625,487,0,0,0,0,0,0,3.45,0.99,0.397
4674,11.86,10.59,7.1,12.22,8.75,17.5,3.93,23.88,10.6,21,18,13,22,14,28,7,16,179,1160,348,0,0,0,0,0,0,2.47,0.96,0.995
4677,4.89,3.03,4.2,4,5.23,18.6,4.39,25.33,19.26,50,31,43,41,54,192,45,115,1021,1595,479,0,0,0,0,1,4,-0.27,0.42,0.653
4678,9.48,0,8.7,6.9,4.46,5.36,6.09,19.51,14.13,11,0,10,8,5,6,7,8,114,1542,462,0,0,0,0,0,0,-0.32,0.41,0.288
4680,7.38,6.1,8.67,12.81,11.1,7.15,6.74,25.15,32.28,1332,1101,1564,2312,2002,1290,1216,1886,18043,1621,486,917,52,1,31,25,3.6,0.75,0.7,0.261
4694,0,0,0,17.65,17.65,0,22.86,0,26.67,0,0,0,6,3,0,8,0,32,1347,404,0,0,0,0,0,0,-3.29,0.03,0.324
4695,6.47,2.11,11.27,11.19,11.02,11.86,8.63,19.23,12.53,9,3,16,16,13,14,12,10,141,2108,632,0,0,0,0,0,0,0.56,0.65,0.159
4699,7.14,0,9.38,0,0,8,8.22,23.81,15.64,5,0,6,0,0,4,6,5,71,2077,623,0,0,0,0,0,0,-0.12,0.46,0.612
4700,7.92,5.21,9.52,16.11,13.79,11.14,8.66,26.13,28.41,414,272,497,841,723,584,452,645,5222,1499,450,506,314,6,0,37,16.74,1.25,0.81,0.636
4701,8.69,4.78,9.7,17.89,12.38,8.21,8.7,27.63,28.76,1073,590,1199,2210,1534,1017,1075,1408,12355,1529,459,1075,97,2,146,45,11.87,1.18,0.79,0.622
4702,6.59,3.93,8.19,14.72,11.22,6.39,6.62,21.24,23.22,470,280,584,1049,799,455,471,560,7123,1886,566,135,0,0,83,2,1.02,-0.03,0.49,0.341
4703,6.88,3.6,7.99,9.29,10.23,11.69,6.78,28.87,21.78,382,200,445,517,564,644,377,680,5560,1998,599,236,0,0,49,12,7.14,0.58,0.66,0.598
4705,4.82,0,0,3.7,0,21.21,5.81,10,16.31,4,0,0,3,0,7,5,4,85,1632,490,0,0,0,0,0,0,-1.77,0.1,0.135
4707,14.58,0,8.16,6.52,0,14.29,14.81,12.12,15.38,7,0,4,3,0,4,8,4,46,2083,625,0,0,0,0,0,0,1.29,0.82,0.377
4709,0.96,3.21,2.23,10.08,8.25,0,3.73,0,70.65,6,20,14,63,51,0,23,0,621,3433,1030,0,0,0,0,0,0,-3.4,0.03,0.021
4710,8.83,3.92,9.75,14.93,7.05,12,9.35,34.52,27.4,128,57,142,217,101,172,136,194,1448,1510,453,31,26,1,0,7,13.21,1.61,0.87,0.661
4711,6.73,6.25,12.5,14.29,20.24,0,8.57,9.38,5.89,7,7,13,15,17,0,9,3,104,2308,692,0,0,0,0,0,0,0.35,0.59,0.414
4712,4.41,0,6.78,46.97,10,13.33,13.64,0,21.31,3,0,4,31,3,4,9,0,65,1597,479,7,0,0,0,0,0,-1.15,0.22,0.43
4713,3.59,5.79,15.92,96.73,10.13,4.01,8.76,17.95,90.99,33,53,146,888,91,36,80,49,919,984,295,0,0,0,0,0,0,0.91,0.73,0.837
4714,14.18,8.17,11.59,30.47,9.96,14.06,14.93,35.77,19.09,78,46,64,167,51,72,80,93,548,1026,308,17,0,0,0,3,20,4.03,1,0.983
4715,4.74,2.16,5.58,8.51,11.48,5.67,7.41,13.82,28.33,99,45,116,177,237,117,155,123,2080,2240,672,189,0,0,0,2,3.28,-1.32,0.18,0.157
4716,7.1,1.96,3.97,12.42,10.32,4.76,10.69,10.61,18.77,11,3,6,19,13,6,17,7,155,1816,545,9,0,0,0,0,0,-1.21,0.21,0.242
4717,3.24,3.41,5.52,13.26,11.39,2.14,4.82,7.65,36.9,78,82,133,319,272,51,116,77,2409,2793,838,0,0,0,0,0,0,-1.98,0.08,0.05
4718,4.59,1.35,6.07,10.84,11.9,7.85,7.53,13.19,24.31,38,11,50,90,97,64,62,48,826,2163,649,46,0,0,100,0,0,-1.27,0.19,0.147
4719,5.62,1.48,6.02,17.49,8.3,10.37,8.15,18.25,22.17,15,4,16,46,20,25,22,23,268,1930,579,0,0,0,0,0,0,-0.7,0.31,0.525
4720,4.07,3.08,5.55,8.32,13.25,3.92,4.76,14.9,34.59,223,169,304,456,733,217,262,338,5488,2250,675,166,0,0,6,1,0.41,-1.52,0.15,0.067
4721,2.72,1.13,4.28,5.83,11.56,6.57,5.28,11.29,21.92,31,13,49,67,132,75,60,56,1143,2345,703,30,0,0,0,0,0,-2.2,0.07,0.07
4722,3.69,0.93,5.79,6.48,7.57,9.46,9.09,11.85,16.49,12,3,19,21,24,30,29,16,325,2145,643,33,0,0,0,0,0,-1.38,0.16,0.251
4723,2.93,0,6.22,8.82,12.15,7.73,7.53,6.96,22.73,11,0,23,33,44,28,28,11,375,2246,674,22,0,0,0,0,0,-1.98,0.08,0.133
4724,4.63,6.12,3.77,7.62,16.05,3.7,9.26,0,18.17,5,6,4,8,13,3,10,0,105,2190,657,8,0,0,9,0,0,-1.47,0.15,0.046
4725,4.75,0.94,6.57,16.08,11.22,11.46,3.71,13.73,22.6,20,4,28,69,46,47,16,28,423,2069,621,24,0,0,0,0,0,-1.21,0.21,0.331
4726,0,3.61,4.71,3.9,15.94,0,4.23,0,17.8,0,3,4,3,11,0,3,0,84,1542,462,0,0,0,0,0,0,-3.06,0.04,0.915
4727,0,0,0,9.43,0,0,6,0,13.89,0,0,0,5,0,0,3,0,55,1687,506,0,0,0,0,0,0,-4.33,0,0.835
4728,7.81,5,0,23.44,0,35,13.04,13.64,21.12,5,3,0,15,0,7,9,3,64,1316,395,4,0,0,0,0,0,1.08,0.77,0.46
4730,3.9,1.81,6,10.57,9.69,9.25,6.23,10.86,31.34,45,21,69,122,111,106,71,58,1152,2026,608,74,0,0,0,0,0,-1.39,0.16,0.227
4732,0,0,0,24.32,0,0,9.76,0,13.78,0,0,0,9,0,0,4,0,35,1224,367,0,0,0,0,0,0,-4.1,0.01,
4735,4.64,2.61,4.62,13.49,5.84,16.73,7.59,8.02,19.7,14,8,14,41,15,43,22,13,305,1830,549,0,0,0,0,0,0,-0.87,0.27,0.489
4737,5.71,4.23,7.31,19.77,11.33,9.11,8.85,26.15,21.95,104,77,133,360,204,164,162,187,1818,1861,558,65,0,0,0,2,2.78,0.24,0.55,0.319
4738,12.5,0,3.74,9.35,4.76,27.38,8.93,22.73,8.35,13,0,4,10,4,23,10,10,107,1718,515,0,0,0,0,0,0,1.14,0.78,0.585
4739,0,0,13.21,0,0,10.71,9.3,36.36,11.6,0,0,7,0,0,3,4,4,47,1224,367,0,0,0,0,0,0,0.05,0.51,0.176
4740,6.06,3.63,8.19,13.31,11.38,7.84,6.72,25.22,28.2,1450,868,1960,3182,2723,1876,1606,2521,23923,1982,595,1646,249,6,0,35,3.65,0.09,0.52,0.322
4741,5.02,2.2,6.3,7.82,8.88,9.57,7.65,12.09,9.65,44,19,55,68,78,84,66,44,871,2108,632,0,0,0,0,0,0,-0.94,0.26,0.314
4742,3.87,2.47,5.71,10.39,10.33,7.01,3.61,9.42,13.16,11,7,16,29,28,19,10,13,276,2470,741,0,0,0,0,0,0,-1.69,0.11,0.079
4743,0.86,0,4.3,3.8,4.73,1.26,2.57,0,34.28,3,0,15,13,15,4,9,0,350,2993,898,0,0,0,0,0,0,-3.62,0.02,0.016
4744,1.71,1.61,3.66,7.37,8.34,1.33,3.06,6.15,39.07,89,84,191,385,431,69,160,120,5223,3431,1029,0,0,0,0,4,2.01,-3.05,0.04,0.024
4745,2.5,1.81,4.79,12.29,9.57,2.09,4.11,5.97,36.85,36,26,69,177,137,30,59,35,1436,3140,942,0,0,0,0,1,2.13,-2.6,0.05,0.029
4746,0.95,1.24,2.56,9.34,8.16,1.65,2.19,3.17,31.84,10,13,27,98,84,17,23,14,1051,3296,989,0,0,0,0,0,0,-3.56,0.02,0.014
4750,4.47,2.91,8.29,14.5,9.96,5.29,5.34,21.9,28.39,74,48,137,239,164,87,88,136,1649,2114,634,59,0,0,0,3,4.92,-0.66,0.32,0.217
4751,5.06,2.41,7.66,8.95,9.17,7.17,7.2,24.85,18.36,42,20,64,74,78,61,60,83,828,2233,670,11,0,0,0,0,0,-0.4,0.38,0.234
4753,2.88,3.44,7.25,8.64,9.76,4.74,6.58,19.84,16.74,21,25,53,63,72,35,48,49,733,2058,617,12,0,0,0,0,0,-1.03,0.25,0.174
4754,5.5,3.4,8.62,9.34,7.96,6.21,5.54,19.88,20.23,28,17,43,47,41,32,28,33,501,2055,616,17,0,0,0,0,0,-0.35,0.4,0.355
4756,6.74,0,7.06,8.99,0,5.97,10.47,37.14,12.91,6,0,6,8,0,4,9,13,90,1297,389,0,0,0,0,0,0,-0.07,0.48,0.462
4757,0,0,9.09,0,13.64,0,8.51,37.5,13.25,0,0,5,0,6,0,4,9,51,1857,557,0,0,0,0,0,0,-1.34,0.17,0.184
4798,6.33,0,3.33,16.56,6.77,3.01,7.98,21.82,22.3,10,0,5,26,9,4,13,12,153,1666,500,0,0,0,0,0,0,-1.65,0.12,0.615
4799,9.91,3.57,2.75,13.89,10.53,11.84,6.25,17.31,11.32,11,4,3,15,8,9,7,9,112,1472,442,0,0,0,0,0,0,-0.23,0.43,0.963
4800,8.17,3.48,8.32,11.24,8.11,13.7,8.98,29.17,17.98,152,65,155,209,151,255,168,238,1863,1582,475,95,31,1,0,9,14.75,1.1,0.77,0.709
4802,3.66,3.62,5.89,4.56,10.99,8.08,3.93,29.04,27.48,168,166,270,209,503,370,180,598,4581,1990,597,106,0,0,5,23,9.79,-0.69,0.31,0.237
4804,3.75,4.8,7.5,11.15,8.29,6.7,6.38,16.06,18.66,21,27,42,62,47,38,35,44,561,1830,549,0,0,0,0,0,0,-0.63,0.33,0.152
4805,7,3.38,6.68,17.64,9.55,13.11,8.37,23.77,30.18,279,135,266,702,378,519,334,402,3986,1738,521,253,15,1,3,7,4.83,0.35,0.59,0.595
4806,7.74,3.81,9.36,14.1,10.99,10.71,9.53,26.61,19.46,59,29,72,108,80,78,73,87,772,1379,414,0,0,0,0,0,0,0.99,0.75,0.76
4807,7.72,4.13,7.99,18.36,11.09,13.35,10.59,23.5,23.77,203,108,210,484,290,349,278,279,2628,1614,484,144,0,0,0,1,0.84,0.95,0.74,0.832
4808,3.88,3.57,3.54,13.6,13,4.04,8.82,14.94,20.94,9,8,8,31,29,9,21,13,232,1974,592,0,0,0,0,0,0,-1.53,0.14,0.556
4809,4.61,2.58,6.33,5.7,5.93,6.78,2.8,15.25,15.34,7,4,10,9,7,8,4,9,158,1833,550,0,0,0,0,0,0,-1.31,0.18,0.285
4810,5.39,4.06,5.73,9.5,14.38,10.05,4.91,26.51,35.78,448,338,477,791,1195,835,408,1243,8314,1687,506,547,343,7,0,72,11.03,-0.26,0.42,0.244
4811,5.25,4.06,6.79,13.36,18.33,6.04,5.61,23.05,29.86,213,165,276,543,744,245,228,416,4066,2013,604,211,51,1,4,4,1.94,-0.47,0.37,0.36
4812,7.53,5.28,9.59,15.33,14.16,11.19,7.83,29.76,35.24,509,357,649,1038,959,758,529,1036,6762,1349,405,783,45,4,0,33,10.15,1.29,0.82,0.527
4814,6.42,4.99,8.14,15.85,18.08,6.21,6,24.52,33.6,1003,779,1270,2477,2819,968,937,1470,15612,1828,548,1184,70,2,0,37,6.2,0.19,0.54,0.348
4815,8.48,5.53,10.75,28.11,14.02,6.46,6.78,26.25,34.88,623,406,789,2065,1032,476,498,671,7343,1557,467,556,71,2,0,3,1.69,1.16,0.79,0.644
4816,4.37,3.15,8.42,68.75,10.39,10.25,12.15,16.22,26.22,119,86,229,1877,287,283,332,138,2726,1463,439,0,0,0,8,2,13.33,-0.06,0.48,0.634
4817,6.19,3.93,8.74,17.4,12.95,6.4,5.68,21.4,31.7,594,377,838,1668,1240,613,545,746,9593,1960,588,416,0,0,23,2,0.82,-0.05,0.49,0.283
4818,4.87,2.94,7.26,11.95,12.84,4.77,4.69,19.9,31.3,483,291,719,1185,1273,473,465,704,9914,2108,632,109,0,0,6,3,1.08,-0.9,0.27,0.305
4819,7.46,3.34,4.21,3.64,3.23,25.07,3.09,40.33,22.01,53,24,30,26,22,171,22,146,712,1350,405,0,0,0,0,6,21.43,1.11,0.78,0.765
4820,5.58,4.92,9.19,22.58,10.98,8.84,7.63,18.83,23.69,152,134,251,616,297,239,208,219,2730,1757,527,153,0,0,0,1,1.12,0.28,0.56,0.641
4821,3.27,2.48,4.94,24.25,9.27,12.68,7.81,13.86,22.73,13,10,20,97,38,52,31,28,404,1776,533,0,0,0,0,0,0,-1.11,0.23,0.307
4822,1.88,0,4.35,9.88,3.87,1.94,3.73,0,17.15,3,0,7,16,6,3,6,0,160,2040,612,13,0,0,6,0,0,-3.33,0.03,0.503
4823,3.94,0,2.99,13.24,10.81,8.56,4.74,0,9.86,8,0,6,27,24,19,9,0,201,2360,708,0,0,0,5,0,0,-2.71,0.05,0.13
4824,3.26,4.42,5.4,40.12,13.07,5.96,7.8,12.21,22.29,37,50,61,455,147,67,88,58,1135,2200,660,65,0,0,0,0,0,-1.21,0.2,0.273
4825,2.94,3.26,6.91,34.63,12.43,4.53,7.22,12.19,37.47,244,271,574,2878,1029,375,600,393,8310,2285,686,746,71,4,0,3,1.27,-1.35,0.17,
4828,2.91,4.46,12.04,61.17,0,19.12,7.92,17.78,24.32,3,5,13,63,0,13,8,8,107,1916,575,0,0,0,0,0,0,0.91,0.73,0.84
4829,2,3.59,6.67,49.23,4.4,6.29,16.42,10.42,29.05,4,7,13,96,7,10,33,10,201,1717,515,35,0,0,0,0,0,-0.87,0.28,0.154
4830,2.19,3.38,6.21,91.2,14.14,2.81,10.63,6.85,61.49,31,48,88,1296,201,40,151,23,1416,1521,456,0,0,0,0,0,0,-1.67,0.12,0.358
4849,11.65,5.62,7.63,20.81,6.75,20.04,9.59,38.68,30.39,58,28,38,103,33,98,47,94,495,1217,365,21,0,0,0,0,0,2.73,0.97,0.694
4850,8.44,3.97,8.27,18.99,8.33,18.85,10.5,27.41,20.35,198,93,194,445,195,441,248,307,2350,1342,403,138,0,0,0,0,0,1.59,0.87,0.728
4852,3.72,3.56,6.45,6.48,6.33,14.16,5.44,29.78,26,50,48,87,87,84,188,73,173,1339,1708,512,0,0,0,0,8,10.96,-0.07,0.48,0.51
4854,4.51,3.09,6.75,28.52,9.7,10.9,8.88,22.59,24.46,64,44,96,405,138,155,126,129,1420,1526,458,45,0,0,15,0,0,-0.25,0.43,0.457
4855,9.87,6.94,10.67,9.27,10.4,0,2.84,28.3,18.23,15,10,16,14,13,0,4,15,150,1178,353,0,0,0,0,0,0,1.01,0.76,0.3
4856,7.25,2.22,3.68,10.64,10.89,0,10.22,29.79,19.46,10,3,5,15,11,0,14,14,138,1912,574,0,0,0,0,0,0,-0.84,0.28,0.246
4858,5.9,3.48,10.06,21.1,9.51,6.56,5.56,17.7,18.36,18,11,32,65,29,20,17,20,310,1696,509,6,0,0,0,0,0,-0.09,0.47,0.687
4859,8.2,4.92,6.84,43.65,2.78,2.78,6.72,10.81,23.31,10,6,8,55,3,3,8,4,124,1827,548,0,0,0,0,0,0,-0.43,0.37,0.394
4860,6.6,5.16,8.26,33.09,9.78,10.4,9.02,26.23,35.46,275,215,345,1378,410,436,376,420,4164,1484,445,278,13,1,5,5,5.38,0.8,0.71,0.757
4861,10.71,6.27,9.32,27.9,8.09,15.4,9.66,22.89,24.72,42,25,37,113,31,59,37,38,395,1391,417,47,0,0,0,0,0,2.08,0.9,0.895
4865,7.06,3.95,10.65,25.09,10.72,9.36,7.22,27.02,20.46,123,69,186,437,190,166,126,167,1743,1748,524,133,0,0,0,2,5.88,0.9,0.73,0.876
4868,6.62,5.09,10.45,27.36,10.95,8.18,5.7,33.92,30.66,467,359,737,1929,772,577,402,902,7047,1612,483,378,0,0,19,24,10.13,1.07,0.76,0.631
4869,6.84,5.35,10.06,29.7,11.13,5.79,6.51,30.29,31.39,437,342,643,1898,709,369,416,644,6391,1765,530,436,0,0,0,6,5.22,0.84,0.72,0.651
4870,5.79,4.78,8.48,20.04,10.98,9.2,5.54,30.95,32.39,1478,1218,2164,5112,2797,2344,1413,3511,25508,1603,481,2239,262,8,8,203,16.9,0.51,0.63,0.518
4871,3.47,6.73,8.32,61.51,10.61,9.25,7.58,16.91,28.6,129,250,309,2287,390,340,282,189,3713,1591,477,36,0,0,5,1,3.57,0.07,0.51,0.69
4872,5.23,4.63,7.76,17.19,11.47,11.36,7.98,19.88,17.98,46,41,69,152,103,102,70,69,888,1722,517,21,0,0,17,0,0,0.18,0.53,0.723
4873,7.45,3.6,8.52,31.07,9.18,15.15,8.14,33.38,23.46,131,63,149,545,163,269,143,246,1757,1426,428,147,0,0,0,5,12.82,1.23,0.8,0.639
4874,2.17,2.71,4.52,45.12,11.29,3.92,4.69,10.01,49.04,73,91,152,1517,380,132,158,113,3368,3305,991,0,0,0,0,0,0,-2.24,0.07,0.123
4875,3.12,2.63,9.01,88.11,11.24,5.2,5.79,10.6,77.84,180,152,521,5100,647,299,335,174,5786,1859,558,0,0,0,0,0,0,-1.2,0.22,0.171
4876,1.95,5.08,8.12,86.03,12.13,5.34,3.05,7.22,74.61,50,130,208,2205,311,137,78,51,2562,1956,587,0,0,0,0,0,0,-1.39,0.16,0.193
4877,2.68,2.23,3.59,3.61,6.51,17.62,1.81,27.68,25.21,55,46,74,74,133,360,37,263,2056,1935,581,57,0,0,0,6,4.58,-1,0.25,0.179
4878,4.99,4.36,8.45,12.89,11.11,9.85,4.52,37.79,29.41,221,193,375,572,494,438,200,754,4440,1694,508,117,50,1,196,40,17.94,0.54,0.64,0.564
4879,4.96,3.91,7.63,6.6,8.49,10.34,3.43,34.96,27.5,309,244,475,411,529,644,214,910,6231,1902,570,98,0,0,0,56,16.97,0.19,0.54,0.351
4880,6.07,4.86,9.03,28.18,9.73,11.23,8.51,28.65,25.93,234,187,349,1087,377,435,328,418,3859,1570,471,325,0,0,170,2,1.8,0.9,0.72,0.791
4881,6.18,5.45,9.83,42.13,7.16,11.84,5.2,37.91,19.89,61,54,97,412,72,119,52,138,988,1434,430,59,0,0,0,11,55,1.32,0.83,0.811
4882,3.87,0.9,6.19,14.88,7.5,10.23,6.33,21.34,12.63,17,4,27,64,33,45,28,35,438,1875,562,0,0,0,0,0,0,-1.06,0.23,0.45
4883,8.4,3.89,8.61,19.42,9.52,14.27,8.09,31.02,31.02,246,114,252,568,277,415,237,402,2927,1525,457,236,0,0,1,1,0.99,1.3,0.83,0.864
4884,3.94,2.62,5.41,8.25,9.59,16.07,3.86,30.94,19.18,16,11,22,34,40,67,16,56,411,1712,514,13,0,0,0,0,0,-0.29,0.42,0.542
4885,7.82,3.86,8.5,12.29,6.44,15.46,9.13,32.62,19.06,60,30,65,94,50,120,70,106,772,1537,461,52,0,0,0,1,10,1.39,0.84,0.888
4886,7.74,1.82,6.67,12.43,7.52,2.26,5.39,26.14,16.72,13,3,11,21,10,3,9,23,170,1447,434,0,0,0,0,0,0,-0.63,0.33,0.762
4887,10.93,5.67,7.97,14.24,7.97,8.64,6.23,28.79,14.06,33,17,24,43,24,26,19,38,308,1205,362,9,0,0,0,0,0,1.34,0.83,0.842
4888,8.36,7.26,10.11,34.44,7.18,15.47,9.76,38.6,18.69,45,39,55,187,39,84,52,88,542,1223,367,20,0,0,0,0,0,2.58,0.96,0.97
4890,2.91,4.91,10.09,72.15,12.74,4.71,11.05,10.56,50.45,26,44,90,645,111,41,99,30,891,2168,651,0,0,0,0,0,0,-0.37,0.38,0.416
4891,2.16,1.31,2.99,11.97,5.68,22.71,12.13,9.24,16.03,5,3,7,28,13,52,29,11,238,1760,528,0,0,0,0,0,0,-1.03,0.25,0.617
4892,3.15,7.95,8.84,88.02,11.14,6.07,15.54,10.23,62.1,123,310,345,3440,435,237,603,110,3907,1443,433,0,0,0,0,0,0,0.34,0.59,#N/A
4895,2.86,5.24,8.6,62.62,9.07,8.05,7.79,16.22,37.35,61,112,184,1337,195,173,166,126,2132,1522,457,38,0,0,0,3,20,-0.33,0.41,0.593